kanji,oc_family_first,oc_family_other,oc_family_last,oc_given_first,oc_given_other,oc_given_last,lc_family_1,lc_family_2,lc_family_3,lc_family_4,lc_given_1,lc_given_2,lc_given_3,lc_given_4
々,0,275,9,0,14,25,0,7,276,1,0,23,16,0
ツ,0,10,0,0,4,0,0,0,10,0,0,0,4,0
ノ,1,33,0,0,0,0,0,0,32,2,0,0,0,0
ヶ,0,21,0,0,0,0,0,0,21,0,0,0,0,0
一,51,0,4,618,560,1823,0,44,11,0,32,2401,568,0
七,12,0,0,20,1,3,0,10,0,2,1,20,3,0
万,2,0,0,36,0,2,0,2,0,0,0,16,22,0
丈,0,0,0,30,0,15,0,0,0,0,0,44,1,0
三,545,2,0,116,47,205,0,504,41,2,0,254,114,0
上,413,0,738,1,0,1,5,1110,36,0,1,1,0,0
下,166,14,524,0,0,0,0,662,41,1,0,0,0,0
不,6,1,0,4,0,0,0,5,2,0,0,2,2,0
与,5,1,2,7,4,3,0,5,3,0,0,4,10,0
世,5,1,10,12,22,87,0,13,3,0,0,85,36,0
並,27,0,10,1,0,0,0,37,0,0,0,1,0,0
中,1603,8,687,0,1,4,7,2259,31,1,4,0,1,0
串,4,0,9,0,0,0,0,13,0,0,0,0,0,0
丸,132,0,73,0,0,2,2,194,9,0,0,2,0,0
丹,52,0,5,1,0,0,1,55,1,0,0,1,0,0
主,1,0,5,9,0,0,0,6,0,0,0,9,0,0
乃,2,0,0,10,5,77,0,2,0,0,0,73,18,1
久,271,169,30,328,26,295,1,209,260,0,12,456,181,0
之,0,39,0,4,49,1076,0,0,38,1,1,1079,48,1
乙,8,2,0,5,0,0,0,8,2,0,0,4,1,0
九,6,0,0,4,2,0,0,5,1,0,0,2,4,0
也,0,0,1,0,14,882,0,1,0,0,0,881,15,0
乾,11,0,0,3,0,1,11,0,0,0,1,2,1,0
亀,61,0,8,2,1,0,1,67,1,0,0,2,1,0
了,1,0,0,8,0,2,0,1,0,0,0,10,0,0
予,0,0,0,0,3,8,0,0,0,0,0,7,4,0
二,66,0,2,28,77,565,0,51,17,0,0,588,82,0
五,113,2,1,26,5,8,0,26,86,4,0,30,9,0
井,458,23,1959,1,0,0,0,2358,81,1,0,0,1,0
亘,2,0,0,2,0,27,2,0,0,0,23,6,0,0
亜,1,0,0,299,7,7,0,1,0,0,0,118,195,0
亨,0,0,0,7,0,39,0,0,0,0,38,8,0,0
享,0,0,0,16,0,8,0,0,0,0,6,18,0,0
京,13,0,2,79,0,4,0,15,0,0,2,78,3,0
亮,0,0,0,124,0,154,0,0,0,0,91,185,2,0
人,8,0,5,1,0,607,0,13,0,0,0,602,6,0
仁,18,0,3,132,9,204,0,20,1,0,67,267,11,0
今,264,1,0,5,0,0,3,255,7,0,0,0,5,0
介,0,0,0,1,0,650,0,0,0,0,0,629,22,0
仙,13,0,1,1,0,0,0,13,1,0,0,1,0,0
代,3,3,73,2,164,538,0,74,5,0,0,439,265,0
令,0,0,0,12,3,3,0,0,0,0,2,13,3,0
仲,61,0,14,1,0,3,3,69,3,0,1,3,0,0
伊,562,0,0,26,2,2,0,534,28,0,0,10,19,1
伏,8,0,10,0,0,0,0,17,1,0,0,0,0,0
伯,1,2,33,1,0,0,0,34,1,1,0,1,0,0
伴,10,0,1,9,0,1,9,2,0,0,0,10,0,0
伸,0,0,0,264,0,97,0,0,0,0,17,329,15,0
住,23,1,30,1,1,0,2,49,3,0,0,1,1,0
佐,1112,25,25,120,71,22,0,849,313,0,0,39,174,0
佑,0,0,0,75,4,41,0,0,0,0,2,106,12,0
余,4,0,1,0,2,3,0,5,0,0,0,3,2,0
作,12,0,5,3,0,74,0,17,0,0,0,76,1,0
佳,0,0,0,375,59,199,0,0,0,0,2,486,145,0
侑,0,0,0,13,1,0,0,0,0,0,0,13,1,0
依,17,0,0,12,9,13,0,17,0,0,0,22,12,0
俊,1,0,1,531,0,149,0,2,0,0,21,648,11,0
保,41,80,232,64,40,116,1,173,179,0,11,168,41,0
信,12,0,6,349,0,146,0,18,0,0,20,449,26,0
俣,1,0,36,0,0,0,0,37,0,0,0,0,0,0
修,0,0,0,133,0,117,0,0,0,0,111,135,4,0
倉,103,1,235,0,0,0,1,333,5,0,0,0,0,0
倫,0,0,0,35,0,13,0,0,0,0,3,43,2,0
健,0,0,0,634,0,164,0,0,0,0,158,466,174,0
優,0,0,0,202,2,52,0,0,0,0,46,195,15,0
允,0,0,0,4,0,8,0,0,0,0,2,10,0,0
元,22,0,146,89,0,45,1,166,1,0,34,96,4,0
充,0,0,0,62,2,61,0,0,0,0,28,92,5,0
光,33,1,33,302,2,122,1,64,2,0,28,375,23,0
克,0,0,0,224,1,35,0,0,0,0,7,251,2,0
児,42,1,3,0,0,18,0,45,1,0,0,18,0,0
入,54,0,9,0,0,0,0,60,3,0,0,0,0,0
全,3,0,1,6,0,6,3,1,0,0,3,9,0,0
八,111,2,0,27,1,10,0,91,22,0,0,20,18,0
公,2,0,0,147,1,9,0,2,0,0,0,144,13,0
六,8,0,1,8,0,7,0,8,1,0,0,12,3,0
兵,16,0,1,2,1,4,1,16,0,0,0,5,2,0
具,4,0,0,6,0,0,1,2,1,0,0,6,0,0
典,0,0,0,151,0,191,0,0,0,0,0,341,1,0
兼,21,0,5,16,0,4,0,26,0,0,0,19,1,0
内,249,7,540,0,0,0,1,740,55,0,0,0,0,0
円,4,1,1,8,0,8,0,3,3,0,8,7,1,0
冨,97,0,17,8,0,0,0,111,3,0,0,1,7,0
出,47,3,97,0,11,5,0,141,6,0,5,0,11,0
刀,4,3,5,0,0,1,0,9,3,0,0,0,1,0
分,2,0,11,0,0,0,0,13,0,0,0,0,0,0
切,3,0,18,0,0,0,0,14,7,0,0,0,0,0
初,11,0,0,28,0,2,0,11,0,0,2,28,0,0
別,13,4,0,0,0,0,0,13,4,0,0,0,0,0
利,5,4,35,197,50,85,0,38,6,0,1,254,77,0
則,4,0,0,58,0,163,0,4,0,0,0,221,0,0
削,0,0,10,0,0,0,0,10,0,0,0,0,0,0
前,269,0,32,0,0,0,3,296,2,0,0,0,0,0
剛,0,0,0,98,0,163,0,0,0,0,148,113,0,0
副,6,1,4,0,0,0,0,10,1,0,0,0,0,0
創,0,0,0,5,0,14,0,0,0,0,14,5,0,0
力,5,0,5,9,0,30,0,9,1,0,28,11,0,0
功,2,0,1,46,0,52,0,3,0,0,42,50,6,0
加,411,2,4,100,42,54,0,387,29,1,0,73,123,0
助,1,0,1,0,0,40,0,2,0,0,0,22,18,0
努,0,0,0,0,0,27,0,0,0,0,27,0,0,0
勇,3,0,0,120,0,31,2,1,0,0,28,118,5,0
勉,0,0,0,0,0,43,0,0,0,0,43,0,0,0
務,0,0,3,0,0,8,0,3,0,0,7,1,0,0
勝,67,0,9,240,0,81,2,73,1,0,53,266,2,0
勢,3,6,13,2,0,1,0,15,7,0,0,1,2,0
勲,0,0,0,0,0,27,0,0,0,0,25,2,0,0
北,309,0,26,2,0,0,12,319,4,0,0,2,0,0
匠,0,2,3,4,0,12,0,3,2,0,12,4,0,0
匡,0,0,0,47,0,17,0,0,0,0,10,54,0,0
十,10,84,0,6,5,1,0,8,86,0,0,6,6,0
千,124,0,0,489,52,3,1,114,9,0,0,358,186,0
半,24,0,0,0,0,0,0,24,0,0,0,0,0,0
卓,0,0,0,134,0,45,0,0,0,0,44,134,1,0
南,126,1,18,4,4,4,58,86,1,0,3,4,5,0
博,0,0,0,382,0,292,0,0,0,0,58,614,2,0
厚,1,0,0,46,0,21,0,1,0,0,16,51,0,0
原,274,8,1365,2,0,0,101,1441,102,3,0,2,0,0
又,5,0,22,2,0,0,0,27,0,0,0,2,0,0
及,24,0,0,0,0,0,0,24,0,0,0,0,0,0
友,27,1,27,312,12,23,0,53,2,0,2,294,51,0
取,2,0,21,0,0,0,0,22,1,0,0,0,0,0
口,1,0,1003,0,0,0,0,984,20,0,0,0,0,0
古,319,6,25,1,0,8,0,325,24,1,0,0,9,0
可,6,0,0,12,2,2,0,6,0,0,0,9,7,0
史,0,0,0,122,8,691,0,0,0,0,4,805,12,0
右,4,1,0,5,1,9,0,4,1,0,0,13,1,1
司,4,0,48,9,0,807,1,50,1,0,33,781,2,0
合,13,2,111,0,25,37,0,123,3,0,0,9,53,0
吉,761,2,82,96,1,86,0,843,2,0,0,180,3,0
名,26,9,60,4,1,6,0,73,22,0,0,6,5,0
向,46,2,19,0,0,1,1,59,7,0,0,1,0,0
君,11,0,1,17,0,1,2,8,2,0,0,18,0,0
吹,6,1,19,0,0,1,0,25,1,0,0,1,0,0
吾,4,0,1,3,0,191,0,5,0,0,0,194,0,0
呂,1,5,14,0,7,2,1,13,6,0,0,0,9,0
周,7,0,0,40,0,14,1,6,0,0,10,43,1,0
味,3,0,13,0,0,2,0,16,0,0,0,2,0,0
和,159,26,30,979,57,360,0,168,47,0,10,1299,87,0
咲,0,0,2,19,3,24,0,2,0,0,2,39,5,0
品,17,0,7,0,0,0,0,23,1,0,0,0,0,0
哉,0,0,0,1,0,274,0,0,0,0,3,271,1,0
哲,0,0,0,336,0,64,0,0,0,0,55,341,4,0
唐,22,0,1,0,0,0,0,23,0,0,0,0,0,0
唯,1,0,0,8,2,7,0,1,0,0,5,9,3,0
啓,0,0,0,207,0,57,0,0,0,0,35,214,15,0
善,8,1,5,110,0,10,1,12,1,0,1,115,4,0
喜,32,4,4,107,24,75,0,27,13,0,0,135,71,0
喬,0,0,0,9,0,8,0,0,0,0,8,9,0,0
嗣,0,0,0,4,0,95,0,0,0,0,0,98,1,0
嘉,13,3,11,97,5,24,0,23,4,0,1,114,11,0
四,25,0,0,11,14,1,0,21,4,0,0,11,15,0
国,21,0,7,23,0,7,0,28,0,0,0,29,1,0
國,48,0,17,10,0,0,0,63,2,0,0,10,0,0
園,28,2,41,11,0,1,0,61,9,1,1,11,0,0
土,205,5,14,0,0,2,0,215,9,0,0,2,0,0
圭,0,0,0,186,1,20,0,0,0,0,18,175,14,0
地,15,5,177,1,1,19,0,180,17,0,0,20,1,0
坂,338,1,202,0,0,0,6,529,6,0,0,0,0,0
均,0,0,0,3,0,33,0,0,0,0,33,3,0,0
坪,36,0,24,0,0,0,0,60,0,0,0,0,0,0
垣,19,5,115,0,0,0,0,128,11,0,0,0,0,0
城,54,2,125,1,0,17,6,171,4,0,0,18,0,0
埜,1,0,9,0,0,0,0,10,0,0,0,0,0,0
基,0,0,0,54,1,49,0,0,0,0,7,94,3,0
堀,254,0,48,0,0,0,47,248,7,0,0,0,0,0
堂,14,1,16,1,0,1,1,22,8,0,0,2,0,0
堅,5,0,3,13,0,2,0,6,2,0,1,10,4,0
堤,34,0,1,0,0,1,33,2,0,0,1,0,0,0
場,1,2,139,0,0,0,0,137,5,0,0,0,0,0
堺,13,0,0,0,0,0,9,4,0,0,0,0,0,0
塚,73,0,270,0,0,0,0,335,8,0,0,0,0,0
塩,117,0,6,0,0,0,1,119,3,0,0,0,0,0
境,9,0,2,0,0,0,6,5,0,0,0,0,0,0
増,118,0,2,4,0,0,0,120,0,0,0,4,0,0
壁,3,0,14,0,0,0,0,17,0,0,0,0,0,0
士,0,5,7,3,17,144,0,7,5,0,0,144,20,0
壮,0,0,0,32,0,10,0,0,0,0,7,31,4,0
壽,1,0,3,17,1,3,0,3,1,0,0,18,3,0
夏,22,0,1,42,3,33,1,22,0,0,0,72,6,0
夕,0,0,0,18,2,1,0,0,0,0,0,16,5,0
外,30,0,0,0,0,4,0,27,3,0,0,4,0,0
多,74,22,53,55,4,8,0,108,41,0,0,29,38,0
夢,0,0,0,4,1,7,0,0,0,0,0,10,2,0
大,1468,3,1,441,1,154,0,1347,125,0,45,535,16,0
天,63,1,3,3,0,2,0,66,1,0,1,4,0,0
太,156,0,3,130,412,357,0,151,8,0,7,475,416,1
夫,0,0,0,0,0,635,0,0,0,0,0,604,31,0
央,0,0,0,13,10,81,0,0,0,0,11,82,11,0
奈,26,2,9,226,179,160,0,26,11,0,0,225,339,1
奥,212,0,6,0,1,0,8,209,1,0,0,0,1,0
好,2,0,33,78,1,21,0,35,0,0,3,96,1,0
妃,0,0,0,9,3,4,0,0,0,0,0,6,10,0
妙,0,0,0,38,0,7,0,0,0,0,5,40,0,0
妹,11,0,0,0,0,0,0,11,0,0,0,0,0,0
妻,3,0,25,0,0,0,0,28,0,0,0,0,0,0
姫,9,0,0,0,2,5,0,9,0,0,0,5,2,0
威,0,0,0,10,0,12,0,0,0,0,5,14,3,0
子,5,12,173,1,1,7738,0,169,21,0,0,5037,2703,0
孝,0,0,0,354,0,223,0,0,0,0,51,517,9,0
季,0,0,0,15,11,28,0,0,0,0,0,39,15,0
学,0,0,0,12,0,99,0,0,0,0,97,14,0,0
孫,2,6,1,4,0,0,1,2,6,0,0,4,0,0
宅,6,0,54,0,0,0,0,60,0,0,0,0,0,0
宇,112,3,1,4,0,0,0,67,49,0,0,3,1,0
守,28,1,17,30,0,27,1,43,2,0,25,32,0,0
安,421,2,46,58,0,3,2,452,15,0,1,51,9,0
宍,11,0,0,0,0,0,0,11,0,0,0,0,0,0
宏,0,0,0,295,0,442,0,0,0,0,73,657,7,0
宗,32,4,12,87,0,5,4,40,3,1,1,82,9,0
定,11,0,4,15,0,5,0,15,0,0,2,17,1,0
宜,0,0,0,19,0,10,0,0,0,0,0,29,0,0
実,3,0,3,34,12,174,0,6,0,0,55,137,28,0
宣,0,0,0,38,0,33,0,0,0,0,0,70,1,0
室,41,0,34,0,0,0,1,74,0,0,0,0,0,0
宮,586,12,135,2,0,0,2,700,31,0,0,2,0,0
家,14,2,58,3,0,0,0,72,2,0,0,3,0,0
容,0,0,0,34,0,8,0,0,0,0,2,40,0,0
寄,2,0,10,0,0,0,0,12,0,0,0,0,0,0
富,104,1,36,70,1,5,0,134,7,0,1,44,31,0
寛,0,0,0,126,0,112,0,0,0,0,63,174,1,0
實,6,0,4,0,0,3,0,10,0,0,2,1,0,0
寧,0,0,0,4,0,9,0,0,0,0,8,5,0,0
寺,176,0,67,0,0,0,0,200,43,0,0,0,0,0
寿,1,0,0,104,30,43,0,1,0,0,12,128,37,0
将,0,0,0,121,0,39,0,0,0,0,13,146,1,0
將,0,0,0,7,0,6,0,0,0,0,4,8,1,0
尊,1,0,0,9,0,2,0,1,0,0,1,10,0,0
尋,0,0,1,6,0,31,0,1,0,0,1,36,0,0
小,1916,4,0,46,1,0,0,1658,261,1,0,9,38,0
尚,1,0,0,269,0,60,0,1,0,0,23,302,4,0
尻,0,0,37,0,0,0,0,37,0,0,0,0,0,0
尾,166,1,440,0,1,0,0,597,10,0,0,0,1,0
居,4,1,59,0,0,2,0,62,2,0,0,2,0,0
屋,10,11,185,0,0,0,0,184,22,0,0,0,0,0
展,0,0,0,20,0,15,0,0,0,0,1,34,0,0
山,1845,20,1631,0,0,1,1,3436,59,0,0,1,0,0
岐,2,0,11,0,1,6,0,13,0,0,0,6,1,0
岡,525,1,647,0,0,1,35,1131,7,0,0,1,0,0
岩,480,3,34,8,0,0,0,511,6,0,0,7,1,0
岳,0,0,2,45,0,7,0,2,0,0,4,48,0,0
岸,96,0,86,2,0,0,17,165,0,0,0,2,0,0
峯,25,0,15,0,0,1,5,35,0,0,0,1,0,0
峰,11,0,14,17,0,7,2,23,0,0,0,23,1,0
島,163,2,891,0,0,0,19,1019,18,0,0,0,0,0
崇,0,0,0,88,0,73,0,0,0,0,59,102,0,0
崎,10,1,889,0,0,0,0,876,24,0,0,0,0,0
嵐,0,0,71,0,0,0,0,0,71,0,0,0,0,0
嵜,0,0,23,0,0,0,0,23,0,0,0,0,0,0
嶋,61,0,252,0,0,0,4,308,1,0,0,0,0,0
嶌,1,0,9,0,0,0,0,10,0,0,0,0,0,0
嶺,2,0,14,4,0,0,0,13,3,0,0,3,1,0
巌,1,0,0,0,0,16,0,1,0,0,16,0,0,0
川,596,8,1987,0,0,2,0,2361,229,1,0,2,0,0
工,77,3,1,0,0,5,0,78,3,0,5,0,0,0
左,2,1,0,6,8,1,0,2,1,0,0,3,11,1
巧,0,0,0,0,0,11,0,0,0,0,10,1,0,0
己,0,0,4,2,8,103,0,4,0,0,0,103,10,0
巳,0,0,6,5,3,55,0,6,0,0,0,55,8,0
巻,3,0,33,1,0,2,1,35,0,0,0,3,0,0
市,143,0,23,7,0,21,0,164,2,0,0,26,2,0
布,20,1,3,5,4,2,0,19,5,0,0,4,7,0
帆,2,0,0,0,6,32,0,2,0,0,0,32,6,0
希,0,0,0,30,113,168,0,0,0,0,20,162,129,0
師,1,0,8,3,0,2,0,9,0,0,0,5,0,0
常,14,0,0,19,0,2,0,14,0,0,0,21,0,0
幡,3,0,32,0,0,0,0,35,0,0,0,0,0,0
平,510,2,98,8,2,411,8,596,6,0,2,416,3,0
年,0,0,2,11,1,17,0,2,0,0,0,26,3,0
幸,21,0,2,550,0,464,2,20,1,0,25,967,22,0
幹,0,0,0,70,0,10,0,0,0,0,4,76,0,0
幾,2,0,0,11,0,1,0,2,0,0,0,9,3,0
広,47,0,8,138,0,137,0,55,0,0,8,264,3,0
庄,41,1,14,10,0,0,1,54,0,1,0,9,1,0
府,5,2,11,0,0,1,0,12,6,0,1,0,0,0
座,3,2,6,0,0,1,0,9,2,0,0,0,1,0
庭,3,0,34,0,0,0,0,37,0,0,0,0,0,0
康,2,0,0,506,0,93,1,1,0,0,24,562,13,0
庸,0,0,0,28,0,3,0,0,0,0,2,29,0,0
廉,0,0,0,7,0,5,0,0,0,0,5,4,3,0
廣,136,0,16,20,0,14,1,151,0,0,0,34,0,0
延,7,0,2,19,0,14,0,9,0,0,0,32,1,0
建,4,0,0,19,0,11,0,4,0,0,11,16,3,0
弓,15,0,1,14,3,91,0,16,0,0,1,101,6,0
引,6,0,6,0,0,0,0,12,0,0,0,0,0,0
弘,12,0,3,370,0,510,1,14,0,0,26,848,6,0
弥,3,0,0,52,23,95,0,3,0,0,3,141,26,0
張,16,0,4,0,0,1,8,10,2,0,0,1,0,0
強,1,0,0,6,0,4,0,1,0,0,4,6,0,0
彌,3,0,0,2,0,9,0,3,0,0,1,10,0,0
形,2,0,37,0,0,0,0,39,0,0,0,0,0,0
彦,3,0,3,3,0,960,0,6,0,0,1,953,9,0
彩,0,0,0,64,0,27,0,0,0,0,23,68,0,0
彬,0,0,0,2,0,10,0,0,0,0,2,10,0,0
彰,0,0,0,79,0,69,0,0,0,0,38,108,2,0
影,9,0,2,0,0,1,0,11,0,0,0,1,0,0
征,1,0,0,33,0,7,0,1,0,0,0,39,1,0
律,0,0,0,32,3,2,0,0,0,0,2,32,3,0
後,155,1,16,0,0,0,0,169,3,0,0,0,0,0
得,5,0,0,4,0,2,1,4,0,0,0,4,2,0
御,18,0,0,0,0,0,0,8,10,0,0,0,0,0
徳,85,0,10,66,1,135,0,95,0,0,1,193,8,0
德,18,0,2,2,0,0,0,20,0,0,0,2,0,0
徹,0,1,0,48,0,159,0,0,1,0,158,48,1,0
忍,3,0,0,1,0,55,0,3,0,0,55,1,0,0
志,58,8,11,130,29,517,0,64,13,0,0,606,70,0
忠,0,0,0,143,0,28,0,0,0,0,17,149,5,0
怜,0,0,0,12,0,6,0,0,0,0,5,13,0,0
恒,8,0,1,55,0,15,0,9,0,0,9,58,3,0
恭,0,0,0,175,0,14,0,0,0,0,5,180,4,0
恵,4,0,0,442,139,654,0,3,1,0,108,818,309,0
悟,0,1,0,12,0,86,0,0,1,0,42,55,1,0
悠,0,0,0,67,0,23,0,0,0,0,21,62,7,0
悦,0,1,0,105,0,3,0,0,1,0,0,107,1,0
惠,0,0,0,30,8,37,0,0,0,0,6,52,17,0
愛,3,0,0,84,1,83,0,3,0,0,72,90,6,0
愼,1,0,0,11,0,1,1,0,0,0,1,8,3,0
慎,0,0,0,174,0,12,0,0,0,0,12,117,57,0
慶,5,2,1,111,0,21,1,5,2,0,12,110,10,0
憲,0,0,0,164,0,83,0,0,0,0,12,219,16,0
成,78,2,30,98,0,131,1,107,2,0,2,225,2,0
我,7,8,18,0,0,2,0,25,6,2,0,2,0,0
戸,89,21,131,0,0,0,0,212,29,0,0,0,0,0
房,2,0,6,14,0,3,1,7,0,0,0,17,0,0
所,5,0,22,0,0,0,4,23,0,0,0,0,0,0
手,35,10,30,0,0,0,0,63,12,0,0,0,0,0
才,6,0,1,4,1,0,0,7,0,0,0,4,1,0
折,22,0,2,0,0,0,0,24,0,0,0,0,0,0
押,16,0,2,0,0,0,1,16,1,0,0,0,0,0
拓,0,0,0,132,0,30,0,0,0,0,27,135,0,0
持,18,0,15,0,0,1,0,33,0,0,0,1,0,0
掛,10,0,9,0,0,0,0,18,1,0,0,0,0,0
摩,3,0,3,8,0,2,0,6,0,0,0,9,1,0
操,0,0,0,2,0,10,0,0,0,0,10,2,0,0
政,6,0,11,141,0,25,0,17,0,0,2,163,1,0
敏,0,0,0,224,0,87,0,0,0,0,24,287,0,0
教,0,0,0,21,0,15,0,0,0,0,0,36,0,0
敦,1,0,0,144,0,61,0,1,0,0,59,146,0,0
敬,0,0,2,148,0,57,0,2,0,0,27,174,4,0
数,3,0,5,2,0,0,0,8,0,0,0,2,0,0
敷,3,0,13,0,0,0,0,12,4,0,0,0,0,0
文,11,3,2,221,0,214,1,12,3,0,8,421,6,0
斉,89,0,0,6,0,7,0,89,0,0,6,7,0,0
斎,63,0,0,0,0,1,1,62,0,0,1,0,0,0
斐,0,2,30,0,0,0,0,29,3,0,0,0,0,0
斗,0,2,0,3,3,12,0,0,2,0,0,12,6,0
新,290,0,1,39,0,19,5,277,9,0,18,29,11,0
方,4,2,72,8,0,3,0,74,4,0,0,10,1,0
施,2,2,9,0,0,2,2,8,3,0,0,2,0,0
日,131,9,14,23,19,1,0,115,39,0,0,6,37,0
早,80,1,2,88,0,4,0,78,5,0,0,73,19,0
昇,1,0,0,24,0,37,1,0,0,0,36,22,3,0
昌,1,0,0,373,0,32,0,1,0,0,5,398,2,0
明,25,1,8,392,0,663,0,32,2,0,66,967,22,0
星,102,0,10,2,0,5,29,82,1,0,1,6,0,0
映,0,0,0,20,5,5,0,0,0,0,2,20,8,0
春,48,0,4,78,0,78,0,50,2,0,0,155,1,0
昭,0,0,0,163,0,209,0,0,0,0,14,356,2,0
是,10,1,0,3,1,2,0,10,1,0,1,4,1,0
時,14,0,8,13,0,5,0,21,1,0,0,17,1,0
晃,0,0,0,142,0,114,0,0,0,0,57,193,6,0
晋,0,0,0,62,0,32,0,0,0,0,30,53,11,0
景,4,0,1,41,0,11,0,5,0,0,1,50,1,0
晴,0,0,0,109,0,90,0,0,0,0,3,195,1,0
晶,1,0,0,69,0,41,1,0,0,0,10,99,1,0
智,1,1,24,785,109,89,0,25,1,0,56,752,175,0
暁,0,0,0,29,0,29,0,0,0,0,12,46,0,0
暢,0,0,0,19,0,11,0,0,0,0,5,25,0,0
暮,1,0,12,0,0,0,0,13,0,0,0,0,0,0
曽,42,7,12,0,0,0,3,42,15,1,0,0,0,0
月,19,0,84,2,0,32,0,100,3,0,0,34,0,0
有,106,0,0,181,7,17,0,106,0,0,10,144,51,0
朋,0,0,0,133,0,10,0,0,0,0,4,139,0,0
服,70,0,0,0,0,0,0,70,0,0,0,0,0,0
朗,0,0,0,10,0,235,0,0,0,0,16,165,64,0
望,50,0,0,7,0,35,0,50,0,0,28,14,0,0
朝,42,0,1,43,0,0,1,38,4,0,0,42,1,0
木,506,26,1712,2,3,4,0,1919,323,2,0,5,4,0
未,0,0,0,50,4,25,0,0,0,0,0,65,14,0
末,50,0,13,3,0,0,0,63,0,0,0,3,0,0
本,208,4,2236,0,0,0,3,2426,19,0,0,0,0,0
朱,2,0,0,23,1,2,1,0,1,0,2,23,1,0
杉,344,0,43,2,0,0,7,379,1,0,0,2,0,0
李,14,0,0,3,1,1,14,0,0,0,0,3,2,0
杏,1,0,0,9,0,1,1,0,0,0,0,9,1,0
村,448,2,2067,1,0,2,0,2492,24,1,0,3,0,0
条,0,0,12,0,0,0,0,12,0,0,0,0,0,0
来,3,0,12,0,3,21,0,14,1,0,1,20,3,0
東,144,0,80,11,0,4,58,160,6,0,2,9,4,0
松,1121,13,292,13,0,3,0,1409,17,0,0,11,5,0
板,55,2,4,0,0,0,0,58,3,0,0,0,0,0
林,271,0,584,4,0,2,248,600,7,0,0,3,3,0
果,0,0,0,4,1,8,0,0,0,0,1,10,2,0
枝,8,0,46,9,19,230,0,54,0,0,0,198,60,0
柏,70,0,0,1,0,0,5,64,1,0,0,1,0,0
染,25,0,0,0,0,1,0,25,0,0,0,1,0,0
柳,101,1,70,2,0,0,11,158,3,0,0,2,0,0
柴,143,0,13,1,0,0,6,146,4,0,0,0,1,0
柿,33,0,1,0,0,0,0,33,1,0,0,0,0,0
栁,4,0,9,0,0,0,0,13,0,0,0,0,0,0
栄,4,0,3,138,13,52,2,5,0,0,16,150,37,0
栗,129,0,22,0,0,1,0,147,4,0,0,0,1,0
根,65,9,152,1,2,4,0,197,29,0,1,4,2,0
格,0,0,0,2,0,12,0,0,0,0,9,5,0,0
桂,14,0,0,53,1,11,7,7,0,0,11,50,4,0
桃,7,2,0,18,0,1,0,7,2,0,1,17,1,0
桐,28,0,25,3,0,0,1,47,5,0,0,3,0,0
桑,66,0,5,0,0,0,0,69,2,0,0,0,0,0
桜,27,0,0,3,3,5,0,27,0,0,3,5,3,0
桝,11,0,0,0,0,0,1,10,0,0,0,0,0,0
梅,122,0,2,3,0,0,0,124,0,0,0,2,1,0
梓,0,0,0,0,0,10,0,0,0,0,10,0,0,0
條,0,0,56,0,0,0,0,56,0,0,0,0,0,0
梢,0,0,1,1,0,10,0,1,0,0,10,1,0,0
梨,1,0,16,35,19,20,0,17,0,0,0,46,28,0
梶,64,0,4,0,0,0,6,60,2,0,0,0,0,0
棚,17,1,0,0,0,0,0,17,1,0,0,0,0,0
森,638,3,199,1,0,3,200,631,9,0,2,2,0,0
植,124,0,10,0,0,0,1,133,0,0,0,0,0,0
椎,21,0,0,0,0,0,0,21,0,0,0,0,0,0
楠,29,0,2,3,0,1,7,24,0,0,1,2,1,0
楽,0,1,8,1,1,1,0,8,1,0,0,2,0,1
榊,22,0,0,0,0,0,4,18,0,0,0,0,0,0
榎,43,0,0,0,0,0,4,39,0,0,0,0,0,0
榮,7,0,1,5,0,2,2,6,0,0,0,7,0,0
槙,5,0,0,6,0,1,0,5,0,0,1,5,1,0
槻,2,0,18,0,0,0,0,20,0,0,0,0,0,0
樋,67,0,0,0,0,0,0,67,0,0,0,0,0,0
権,9,0,0,0,0,1,0,9,0,0,1,0,0,0
横,270,0,0,1,0,0,0,265,5,0,0,0,0,1
樫,15,0,17,0,0,0,0,29,3,0,0,0,0,0
樹,3,0,4,16,23,920,0,7,0,0,4,928,27,0
橋,233,1,814,0,0,0,0,1040,8,0,0,0,0,0
橘,23,0,0,1,0,0,15,8,0,0,0,1,0,0
檜,14,0,0,0,0,0,0,14,0,0,0,0,0,0
櫻,81,0,0,0,0,2,0,81,0,0,2,0,0,0
次,1,1,23,21,48,129,0,23,2,0,0,149,48,1
欣,0,0,0,17,0,3,0,0,0,0,0,19,1,0
歌,3,0,0,1,7,6,0,3,0,0,0,6,8,0
正,32,0,6,837,0,138,0,38,0,0,33,933,9,0
武,205,1,42,146,1,73,3,242,2,1,49,167,4,0
歩,0,0,1,14,2,42,0,0,1,0,31,25,2,0
殿,9,0,4,0,0,0,0,13,0,0,0,0,0,0
毅,0,0,0,13,0,111,0,0,0,0,72,51,1,0
比,22,25,5,17,10,0,0,16,36,0,0,0,27,0
毛,20,1,17,0,0,0,1,35,2,0,0,0,0,0
民,1,0,0,9,0,7,0,0,1,0,1,15,0,0
水,248,7,256,4,0,12,0,493,18,0,0,15,1,0
永,274,1,280,13,1,11,0,554,1,0,0,20,5,0
江,176,4,192,36,20,250,0,349,23,0,0,202,104,0
池,303,0,176,0,0,0,2,472,5,0,0,0,0,0
沖,29,0,3,0,0,0,6,26,0,0,0,0,0,0
沙,0,0,0,65,21,28,0,0,0,0,0,67,47,0
沢,21,0,243,0,0,0,1,249,14,0,0,0,0,0
河,341,24,29,1,1,2,0,365,27,2,0,2,2,0
治,2,10,22,72,13,622,0,21,13,0,30,660,17,0
沼,34,0,127,0,0,0,2,155,4,0,0,0,0,0
泉,42,1,93,4,1,49,23,112,1,0,45,8,1,0
法,9,1,2,23,0,11,0,8,4,0,0,34,0,0
波,24,9,76,1,0,8,0,80,28,1,0,8,1,0
泰,0,0,0,350,0,57,0,0,0,0,20,381,6,0
洋,0,0,0,424,2,197,0,0,0,0,75,521,27,0
津,80,15,171,4,142,7,0,227,39,0,0,8,145,0
浅,185,0,20,0,0,0,0,205,0,0,0,0,0,0
浜,68,0,15,0,0,0,5,78,0,0,0,0,0,0
浦,61,0,258,0,0,1,6,313,0,0,0,1,0,0
浩,0,0,0,640,0,300,0,0,0,0,95,808,37,0
浪,9,0,12,0,0,2,0,21,0,0,0,2,0,0
海,64,4,49,10,1,34,0,89,28,0,3,40,2,0
涼,0,0,0,29,0,4,0,0,0,0,4,29,0,0
淑,0,0,0,21,0,5,0,0,0,0,2,24,0,0
深,111,1,1,11,0,2,0,112,1,0,1,12,0,0
淳,0,0,0,221,0,163,0,0,0,0,158,209,17,0
淵,3,0,20,0,0,0,0,23,0,0,0,0,0,0
淺,16,0,2,0,0,0,0,18,0,0,0,0,0,0
添,5,0,28,0,0,0,0,33,0,0,0,0,0,0
清,268,3,5,193,0,38,3,267,6,0,31,192,7,1
渉,0,0,0,5,0,27,0,0,0,0,27,4,1,0
渋,24,0,0,0,0,0,0,24,0,0,0,0,0,0
渕,7,0,62,0,0,0,1,68,0,0,0,0,0,0
渚,1,0,0,1,1,8,1,0,0,0,8,1,1,0
渡,507,2,34,0,0,1,1,532,10,0,1,0,0,0
温,4,0,0,12,1,5,0,3,1,0,5,12,1,0
湖,1,0,5,3,0,5,0,6,0,0,2,4,2,0
湯,58,0,2,0,0,0,0,56,4,0,0,0,0,0
満,11,0,14,37,1,37,0,25,0,0,25,34,16,0
源,11,0,0,12,0,3,5,6,0,0,1,9,5,0
準,0,0,0,12,0,7,0,0,0,0,7,10,2,0
溝,47,0,14,0,0,0,0,59,2,0,0,0,0,0
滋,3,0,0,22,0,24,0,3,0,0,22,24,0,0
滝,54,0,14,0,0,0,9,59,0,0,0,0,0,0
潔,0,0,0,3,0,34,0,0,0,0,33,4,0,0
潤,0,0,0,53,0,65,0,0,0,0,65,42,11,0
潮,6,0,0,3,0,3,3,3,0,0,3,3,0,0
澁,16,0,0,0,0,0,0,16,0,0,0,0,0,0
澄,2,0,6,28,1,35,0,8,0,0,3,60,1,0
澤,104,0,782,0,0,0,6,852,28,0,0,0,0,0
濱,99,0,22,0,0,0,5,115,1,0,0,0,0,0
濵,32,0,9,0,0,0,0,39,2,0,0,0,0,0
瀧,42,0,12,0,0,0,3,51,0,0,0,0,0,0
瀨,1,1,13,0,0,0,0,14,1,0,0,0,0,0
瀬,72,6,331,1,0,2,0,378,31,0,0,2,1,0
照,12,0,0,58,0,10,0,11,1,0,2,66,0,0
熊,89,0,24,0,0,1,0,113,0,0,0,1,0,0
爪,0,0,18,0,0,0,0,18,0,0,0,0,0,0
父,1,9,1,0,0,0,0,2,9,0,0,0,0,0
爾,0,0,0,1,1,13,0,0,0,0,0,14,1,0
片,169,0,6,0,0,0,0,175,0,0,0,0,0,0
牛,36,1,1,0,0,1,0,36,2,0,0,1,0,0
牟,5,7,0,0,0,0,0,4,8,0,0,0,0,0
牧,89,0,19,17,0,1,13,93,2,0,1,16,1,0
犬,10,1,0,1,0,0,0,10,1,0,0,1,0,0
狩,28,0,7,0,0,0,0,35,0,0,0,0,0,0
猛,0,0,0,5,0,33,0,0,0,0,32,6,0,0
猪,38,0,1,0,0,0,0,37,2,0,0,0,0,0
猿,17,0,0,0,0,0,0,17,0,0,0,0,0,0
玄,4,0,0,10,0,11,1,3,0,0,9,8,4,0
玉,65,0,49,14,0,2,0,114,0,0,0,16,0,0
王,10,2,1,3,0,2,6,4,3,0,0,5,0,0
玲,0,0,0,74,1,6,0,0,0,0,5,72,3,1
珠,1,0,1,38,1,0,0,2,0,0,0,35,4,0
理,0,0,1,212,131,154,0,1,0,0,24,292,181,0
琢,0,0,0,49,0,5,0,0,0,0,5,49,0,0
琴,0,0,0,14,1,9,0,0,0,0,0,23,1,0
瑛,0,0,0,10,0,2,0,0,0,0,2,9,1,0
瑞,2,0,0,59,1,6,0,2,0,0,3,60,3,0
瑠,0,0,0,20,0,3,0,0,0,0,0,18,5,0
環,2,0,0,4,0,12,2,0,0,0,12,4,0,0
瓶,0,1,13,0,0,0,0,13,1,0,0,0,0,0
生,52,5,70,12,6,275,0,117,10,0,0,281,12,0
田,991,79,6370,1,2,0,2,7119,319,0,0,0,2,1
由,11,0,3,803,298,34,0,12,2,0,3,438,694,0
甲,36,1,5,1,0,3,0,39,3,0,2,2,0,0
男,2,0,2,0,1,358,0,4,0,0,0,329,30,0
町,34,0,35,2,0,0,0,68,1,0,0,2,0,0
畑,44,1,114,0,0,0,14,143,2,0,0,0,0,0
畔,9,0,1,0,0,0,0,10,0,0,0,0,0,0
留,0,13,20,33,3,4,0,16,17,0,0,20,20,0
畠,36,0,14,0,0,0,2,48,0,0,0,0,0,0
番,9,0,0,1,0,0,1,6,2,0,0,1,0,0
當,8,0,2,0,0,0,0,10,0,0,0,0,0,0
登,9,2,11,27,18,38,1,18,3,0,10,32,41,0
白,219,0,3,3,0,0,2,215,5,0,0,2,1,0
百,19,6,0,43,29,0,0,18,5,2,0,17,55,0
皆,22,0,0,1,0,0,0,22,0,0,0,1,0,0
益,21,0,0,15,0,1,0,21,0,0,1,15,0,0
盛,10,1,16,24,0,4,4,22,1,0,0,26,2,0
目,23,0,25,0,0,0,0,44,4,0,0,0,0,0
直,10,0,0,760,2,59,0,10,0,0,28,788,5,0
相,96,0,4,4,0,1,0,100,0,0,0,5,0,0
省,0,0,0,17,0,1,0,0,0,0,0,18,0,0
眞,25,1,2,82,0,19,0,25,3,0,16,56,29,0
真,72,1,0,1088,2,95,0,69,4,0,77,680,428,0
督,0,0,0,4,0,6,0,0,0,0,6,4,0,0
睦,0,0,0,52,0,12,0,0,0,0,11,53,0,0
瞳,0,0,0,0,0,18,0,0,0,0,18,0,0,0
矢,196,1,35,2,22,43,0,222,10,0,0,44,23,0
知,6,2,19,357,73,36,0,18,9,0,5,345,116,0
石,778,3,203,0,0,1,1,964,19,0,0,1,0,0
砂,27,0,8,10,11,10,0,35,0,0,0,19,12,0
研,1,0,0,34,0,7,0,1,0,0,7,30,4,0
磨,1,1,10,7,0,26,0,11,1,0,1,27,5,0
磯,64,0,4,0,0,1,5,63,0,0,0,1,0,0
礒,12,0,0,0,0,0,0,12,0,0,0,0,0,0
礼,0,0,0,55,0,10,0,0,0,0,4,57,4,0
祐,2,0,0,336,4,101,0,2,0,0,4,413,24,0
祖,9,0,3,0,0,0,0,2,10,0,0,0,0,0
神,195,0,32,1,0,0,4,214,9,0,0,1,0,0
祥,0,0,0,110,0,20,0,0,0,0,5,120,5,0
禎,0,0,0,34,0,8,0,0,0,0,5,36,1,0
福,432,2,16,8,0,0,0,448,2,0,0,7,1,0
禮,0,0,6,4,0,0,0,4,2,0,0,2,2,0
秀,5,0,1,536,0,88,0,6,0,0,7,608,9,0
秋,149,0,3,17,0,29,0,152,0,0,0,45,1,0
科,0,0,12,0,1,0,0,12,0,0,0,0,1,0
秦,21,0,1,0,0,0,19,3,0,0,0,0,0,0
稔,0,0,0,20,0,73,0,0,0,0,63,30,0,0
種,12,0,6,1,0,1,1,16,1,0,0,2,0,0
稲,136,3,1,2,0,0,0,136,4,0,0,2,0,0
穂,11,0,0,7,58,196,0,10,1,0,0,200,61,0
積,3,0,15,0,0,3,1,17,0,0,0,3,0,0
穣,0,0,0,1,0,15,0,0,0,0,15,1,0,0
穴,18,0,1,0,0,0,0,19,0,0,0,0,0,0
空,6,0,4,0,0,0,2,8,0,0,0,0,0,0
窪,36,0,15,0,0,0,1,50,0,0,0,0,0,0
立,73,1,56,9,0,4,0,127,3,0,4,9,0,0
竜,3,0,0,84,0,1,1,2,0,0,1,73,11,0
章,0,0,0,104,0,141,0,0,0,0,39,203,3,0
端,3,0,42,1,0,1,2,42,1,0,1,1,0,0
竹,392,0,66,12,0,1,0,452,6,0,0,12,1,0
笑,0,0,0,4,0,6,0,0,0,0,3,5,2,0
笠,71,29,10,0,0,0,2,79,29,0,0,0,0,0
笹,73,0,6,0,0,0,0,79,0,0,0,0,0,0
筒,22,0,2,0,0,0,0,24,0,0,0,0,0,0
箕,15,0,0,0,0,0,0,15,0,0,0,0,0,0
節,1,0,1,33,0,4,0,2,0,0,3,34,0,0
範,0,0,1,38,0,45,0,1,0,0,1,81,1,0
築,11,0,10,0,0,1,0,20,1,0,1,0,0,0
篠,108,0,3,0,0,0,2,109,0,0,0,0,0,0
篤,0,0,0,63,0,46,0,0,0,0,43,66,0,0
米,125,2,17,1,1,0,1,137,6,0,0,1,1,0
粟,18,0,0,0,0,0,0,17,1,0,0,0,0,0
精,0,0,0,24,0,0,0,0,0,0,0,22,2,0
糸,22,0,1,0,0,0,0,23,0,0,0,0,0,0
紀,5,0,0,165,213,542,2,3,0,0,2,605,313,0
納,7,0,30,0,0,1,1,36,0,0,0,1,0,0
純,0,0,0,233,0,74,0,0,0,0,50,253,4,0
紗,0,0,0,30,5,13,0,0,0,0,0,22,26,0
紘,0,0,0,36,0,12,0,0,0,0,2,44,2,0
素,1,0,0,23,0,0,0,1,0,0,0,23,0,0
紫,3,0,1,10,0,4,0,4,0,0,2,9,3,0
細,107,0,0,0,0,0,0,106,1,0,0,0,0,0
紳,0,0,0,9,0,3,0,0,0,0,3,5,4,0
紺,17,0,0,0,0,0,0,17,0,0,0,0,0,0
結,6,0,0,12,0,2,0,6,0,0,1,12,1,0
絢,0,0,0,15,0,2,0,0,0,0,2,15,0,0
統,0,0,0,3,0,9,0,0,0,0,4,8,0,0
絵,2,0,0,91,7,107,0,2,0,0,0,159,45,1
絹,5,0,0,11,0,0,0,5,0,0,0,11,0,0
継,0,0,1,2,0,7,0,1,0,0,1,8,0,0
綱,7,0,3,2,0,4,1,9,0,0,0,6,0,0
網,9,0,2,0,0,0,0,11,0,0,0,0,0,0
綾,7,0,0,102,1,31,2,5,0,0,29,102,2,1
綿,6,0,6,0,1,0,0,12,0,0,0,0,1,0
総,0,0,0,16,0,1,0,0,0,0,0,9,8,0
緑,6,0,0,4,0,11,0,6,0,0,10,4,1,0
緒,21,0,0,0,44,28,0,21,0,0,0,25,47,0
繁,12,0,5,25,0,21,0,17,0,0,19,26,1,0
織,20,0,6,10,0,181,0,26,0,0,0,190,1,0
置,3,0,18,0,0,0,0,21,0,0,0,0,0,0
羅,2,1,2,0,0,5,1,1,3,0,0,5,0,0
美,16,3,39,1453,531,2519,0,30,28,0,1,2969,1533,0
義,3,0,0,307,0,110,0,3,0,0,0,414,3,0
羽,57,1,53,2,0,1,0,104,7,0,0,2,1,0
翔,0,0,0,43,1,28,0,0,0,0,26,40,6,0
老,4,23,5,0,0,0,0,7,25,0,0,0,0,0
考,0,0,0,7,0,6,0,0,0,0,1,12,0,0
耕,0,0,0,95,0,4,0,0,0,0,4,83,12,0
耶,0,0,1,0,6,10,0,0,1,0,0,10,6,0
聖,0,0,0,109,0,18,0,0,0,0,10,116,1,0
聡,0,0,0,118,0,185,0,0,0,0,175,120,8,0
聰,0,0,0,7,0,9,0,0,0,0,7,9,0,0
肇,0,0,0,0,0,32,0,0,0,0,32,0,0,0
肥,9,0,6,0,0,0,0,14,1,0,0,0,0,0
育,0,0,0,63,0,4,0,0,0,0,0,66,1,0
能,28,0,13,13,1,5,0,40,1,0,1,16,2,0
脇,39,0,89,0,0,0,6,121,1,0,0,0,0,0
腰,0,0,11,0,0,0,0,10,1,0,0,0,0,0
臣,0,0,0,1,0,35,0,0,0,0,0,36,0,0
至,0,0,0,4,1,33,0,0,0,0,4,32,2,0
臼,30,0,0,0,0,0,0,30,0,0,0,0,0,0
與,10,1,0,2,0,0,0,2,9,0,0,0,2,0
興,3,0,0,14,0,11,0,3,0,0,1,20,4,0
舘,15,0,16,0,0,0,5,26,0,0,0,0,0,0
舛,9,0,1,0,0,0,0,10,0,0,0,0,0,0
舞,3,0,0,11,0,15,0,3,0,0,15,9,2,0
舟,14,0,1,1,0,2,0,15,0,0,0,3,0,0
舩,13,0,1,0,0,0,0,14,0,0,0,0,0,0
航,0,0,0,14,0,8,0,0,0,0,8,13,1,0
船,41,0,6,0,0,0,0,46,1,0,0,0,0,0
良,4,6,73,323,1,53,0,66,17,0,11,355,11,0
芝,18,0,7,0,0,0,5,20,0,0,0,0,0,0
芦,28,0,2,0,0,0,0,30,0,0,0,0,0,0
花,70,1,23,9,2,36,0,93,1,0,1,33,13,0
芳,23,0,1,146,0,28,0,23,1,0,6,168,0,0
芹,17,0,3,1,0,0,0,20,0,0,0,1,0,0
芽,0,0,0,7,1,2,0,0,0,0,1,6,3,0
苗,4,0,1,3,1,77,0,5,0,0,0,80,1,0
若,108,0,5,10,0,1,0,113,0,0,0,11,0,0
英,1,0,0,643,2,96,1,0,0,0,3,706,32,0
茂,34,3,12,118,3,87,1,45,3,0,68,135,5,0
茉,0,0,0,12,0,0,0,0,0,0,0,6,6,0
茜,0,0,0,0,0,21,0,0,0,0,21,0,0,0
茶,9,0,0,1,0,0,1,7,1,0,0,1,0,0
草,39,3,7,3,0,6,0,46,3,0,0,8,1,0
荒,178,0,1,0,0,0,6,171,2,0,0,0,0,0
荘,2,0,2,8,0,2,0,4,0,0,2,5,3,0
荻,59,0,2,0,0,0,2,59,0,0,0,0,0,0
莉,0,0,0,15,7,4,0,0,0,0,0,16,10,0
菅,151,0,6,0,0,0,22,134,1,0,0,0,0,0
菊,166,0,0,10,0,0,1,165,0,0,0,9,1,0
菜,0,0,1,46,18,40,0,1,0,0,0,53,51,0
華,1,2,1,21,6,30,1,1,2,0,2,40,15,0
菱,11,0,1,0,0,0,0,12,0,0,0,0,0,0
萌,0,0,0,8,0,6,0,0,0,0,6,7,1,0
萩,59,0,4,0,0,0,2,60,1,0,0,0,0,0
萬,8,0,2,4,0,1,2,8,0,0,1,3,1,0
落,31,0,2,0,0,0,0,33,0,0,0,0,0,0
葉,7,0,109,36,3,8,2,113,1,0,0,43,4,0
葛,20,0,1,0,0,0,0,21,0,0,0,0,0,0
蒲,19,0,0,0,0,0,1,17,1,0,0,0,0,0
蔵,7,0,4,0,0,32,2,7,2,0,1,31,0,0
薄,14,0,0,0,0,0,1,13,0,0,0,0,0,0
薗,5,1,8,0,0,0,0,12,2,0,0,0,0,0
薫,0,0,0,5,0,94,0,0,0,0,94,5,0,0
薮,8,0,3,0,0,0,0,11,0,0,0,0,0,0
藍,4,0,0,5,0,12,0,4,0,0,12,5,0,0
藤,829,3,2562,5,0,0,2,3387,5,0,0,4,1,0
虎,0,0,1,8,0,2,0,1,0,0,1,8,1,0
蛭,10,0,0,0,0,0,0,10,0,0,0,0,0,0
蛯,11,0,0,0,0,0,0,11,0,0,0,0,0,0
行,12,0,7,34,0,349,0,19,0,0,1,381,1,0
衛,4,0,0,0,2,15,0,4,0,0,8,6,1,2
衣,11,0,0,9,41,61,0,11,0,0,0,66,45,0
袋,1,1,11,0,0,0,0,12,1,0,0,0,0,0
裕,0,0,0,815,13,269,0,0,0,0,81,938,78,0
西,746,2,283,0,0,0,44,979,7,1,0,0,0,0
要,0,0,0,12,0,17,0,0,0,0,17,9,3,0
見,4,8,189,0,4,19,0,184,17,0,0,19,4,0
規,0,0,0,37,5,48,0,0,0,0,2,78,10,0
覚,0,0,1,2,0,15,0,1,0,0,15,2,0,0
親,3,0,0,5,0,8,0,2,1,0,0,13,0,0
角,76,0,27,3,0,1,9,94,0,0,1,3,0,0
計,2,0,1,3,0,6,0,3,0,0,2,7,0,0
訓,0,0,0,16,0,6,0,0,0,0,1,21,0,0
記,1,0,1,9,7,37,0,2,0,0,0,43,10,0
訪,0,4,12,0,0,0,0,12,4,0,0,0,0,0
詩,0,0,0,10,0,3,0,0,0,0,1,9,3,0
詰,0,0,10,0,0,0,0,10,0,0,0,0,0,0
誉,1,0,0,8,1,5,0,1,0,0,3,10,1,0
誠,0,0,0,165,0,194,0,0,0,0,183,155,21,0
諏,16,0,0,0,0,0,0,12,4,0,0,0,0,0
諒,0,0,0,4,0,9,0,0,0,0,9,4,0,0
諭,0,0,0,9,0,16,0,0,0,0,16,9,0,0
諸,30,0,1,0,0,0,0,27,4,0,0,0,0,0
謙,0,0,0,88,0,22,0,0,0,0,17,78,15,0
譲,0,0,0,11,0,10,0,0,0,0,10,11,0,0
護,1,0,0,0,0,10,1,0,0,0,10,0,0,0
谷,254,178,878,0,0,0,35,1033,241,1,0,0,0,0
豊,88,0,0,61,0,104,2,85,1,0,93,70,2,0
豪,0,0,0,14,0,29,0,0,0,0,23,20,0,0
貝,11,0,30,0,0,0,0,40,1,0,0,0,0,0
貞,11,0,4,46,0,6,0,15,0,0,2,43,7,0
貢,0,0,0,9,0,11,0,0,0,0,10,9,1,0
貫,6,0,27,2,0,0,0,32,1,0,0,2,0,0
貴,10,0,0,472,33,202,0,10,0,0,13,623,71,0
賀,8,30,157,14,19,10,0,149,45,1,0,19,24,0
資,0,0,0,5,1,14,0,0,0,0,1,18,1,0
賢,0,0,0,170,0,44,0,0,0,0,33,164,17,0
赤,113,0,0,1,0,0,0,111,2,0,0,1,0,0
起,1,0,0,5,25,16,0,1,0,0,0,14,32,0
越,53,0,95,1,0,0,2,141,5,0,0,1,0,0
足,43,0,6,0,0,0,0,48,1,0,0,0,0,0
路,1,0,28,14,0,10,0,25,3,1,0,24,0,0
輔,0,0,0,0,1,289,0,0,0,0,0,283,7,0
輝,0,0,0,66,4,107,0,0,0,0,15,158,4,0
輪,0,0,42,0,0,3,0,42,0,0,0,3,0,0
辰,16,0,0,44,0,2,0,16,0,0,1,42,3,0
辺,1,2,288,0,0,0,0,282,9,0,0,0,0,0
辻,128,0,16,0,0,0,76,68,0,0,0,0,0,0
込,3,0,12,0,0,0,0,15,0,0,0,0,0,0
近,179,0,11,0,0,1,0,189,1,0,0,1,0,0
迫,12,0,30,0,0,0,2,39,1,0,0,0,0,0
透,0,0,0,2,0,27,0,0,0,0,25,4,0,0
通,3,0,3,35,0,20,0,6,0,0,6,49,0,0
造,1,0,1,0,0,44,0,2,0,0,0,43,1,0
進,18,0,0,37,0,50,0,18,0,0,47,27,13,0
逸,2,0,0,16,1,0,0,2,0,0,0,16,1,0
道,22,0,36,107,0,82,0,56,2,0,2,186,1,0
達,3,0,39,232,0,17,1,41,0,0,11,237,1,0
遠,133,3,2,0,0,3,0,135,3,0,0,3,0,0
遥,0,0,0,7,0,7,0,0,0,0,5,9,0,0
遼,0,0,0,7,0,9,0,0,0,0,9,6,1,0
邉,1,0,133,0,0,0,0,132,2,0,0,0,0,0
邊,1,0,111,0,0,0,0,111,1,0,0,0,0,0
那,17,7,0,1,4,9,0,17,7,0,0,9,5,0
邦,0,0,0,141,0,18,0,0,0,0,0,157,2,0
郁,0,0,0,88,0,7,0,0,0,0,4,88,3,0
郎,0,1,0,0,1,1563,0,0,1,0,0,438,1124,2
郡,15,0,2,0,0,0,4,13,0,0,0,0,0,0
部,1,5,593,0,0,0,0,541,55,3,0,0,0,0
郷,7,1,24,7,0,4,1,29,2,0,0,10,1,0
都,27,12,10,9,19,5,1,36,12,0,1,11,21,0
酒,105,1,1,0,0,0,0,105,2,0,0,0,0,0
里,18,1,67,159,114,264,2,72,12,0,0,315,222,0
重,48,6,29,81,15,40,0,77,6,0,0,118,18,0
野,447,120,2190,5,0,12,0,2556,200,1,0,17,0,0
金,365,6,13,7,0,0,15,360,9,0,0,7,0,0
釜,12,0,5,0,0,0,0,16,1,0,0,0,0,0
鈴,596,0,1,11,0,13,1,596,0,0,0,22,2,0
鉄,4,0,0,24,0,1,0,3,1,0,1,24,0,0
鍋,12,1,21,0,0,0,0,33,1,0,0,0,0,0
鎌,50,0,1,1,0,0,0,51,0,0,0,1,0,0
長,532,4,21,15,0,8,7,371,178,1,1,21,1,0
門,54,0,19,0,0,14,0,72,1,0,0,11,1,2
開,5,0,8,0,0,1,3,10,0,0,1,0,0,0
間,23,8,215,0,0,0,2,192,52,0,0,0,0,0
関,173,0,38,0,0,0,65,146,0,0,0,0,0,0
阪,33,0,17,0,0,0,0,50,0,0,0,0,0,0
阿,212,0,0,5,0,0,0,190,22,0,0,2,3,0
陸,3,0,1,5,0,1,1,3,0,0,0,5,1,0
陽,0,0,0,329,1,37,0,0,0,0,20,321,26,0
隅,7,0,5,0,0,0,0,12,0,0,0,0,0,0
隆,3,0,0,436,1,256,3,0,0,0,124,555,14,0
隈,2,0,10,0,0,0,0,12,0,0,0,0,0,0
階,2,4,4,0,0,0,1,5,4,0,0,0,0,0
隼,0,0,0,25,0,6,0,0,0,0,5,26,0,0
雄,1,0,0,319,0,592,0,1,0,0,7,818,86,0
雅,0,0,0,620,2,32,0,0,0,0,10,641,2,1
難,16,0,0,0,0,0,0,16,0,0,0,0,0,0
雨,19,0,0,1,0,0,0,19,0,0,0,1,0,0
雪,5,0,0,18,0,34,0,5,0,0,1,51,0,0
雲,2,0,10,1,0,2,0,11,1,0,0,3,0,0
露,12,0,0,1,0,0,0,11,1,0,0,1,0,0
青,269,1,0,3,0,3,2,267,1,0,0,6,0,0
靖,0,0,0,132,0,57,0,0,0,0,41,148,0,0
静,2,0,0,41,0,5,1,1,0,0,5,41,0,0
音,7,0,1,1,3,13,0,8,0,0,0,12,5,0
順,0,0,0,162,0,18,0,0,0,0,13,161,6,0
須,109,17,41,0,4,0,0,145,22,0,0,0,4,0
頭,0,0,36,0,0,0,0,33,1,2,0,0,0,0
頼,6,0,1,15,0,3,0,7,0,0,0,18,0,0
顕,0,0,0,32,0,15,0,0,0,0,5,34,8,0
風,18,2,2,2,0,1,0,18,4,0,0,3,0,0
飛,18,0,2,5,1,1,0,19,1,0,0,5,2,0
飯,180,2,0,0,0,0,0,176,6,0,0,0,0,0
飼,1,0,13,0,0,0,0,14,0,0,0,0,0,0
香,39,0,4,218,91,418,0,41,1,1,39,484,204,0
馨,0,0,0,2,0,12,0,0,0,0,10,2,2,0
馬,91,0,53,0,1,32,1,139,4,0,0,31,2,0
駒,20,0,8,1,0,0,0,28,0,0,0,1,0,0
駿,1,0,0,4,0,5,0,1,0,0,5,3,1,0
高,1069,0,55,113,0,34,4,1107,13,0,6,141,0,0
髙,231,0,15,1,0,0,1,243,2,0,0,1,0,0
鬼,19,0,4,0,0,1,1,22,0,0,0,1,0,0
魚,14,0,0,0,0,0,0,14,0,0,0,0,0,0
鮎,4,0,1,5,0,0,0,5,0,0,0,5,0,0
鳥,56,2,19,0,0,4,0,74,3,0,0,4,0,0
鳴,10,0,0,1,0,0,0,10,0,0,0,1,0,0
鴨,11,0,1,0,0,0,1,10,1,0,0,0,0,0
鵜,24,1,0,0,0,0,0,24,1,0,0,0,0,0
鶴,50,0,5,2,10,23,0,54,1,0,0,25,10,0
鷲,17,0,6,0,0,0,0,21,2,0,0,0,0,0
鷹,7,0,4,2,0,0,0,11,0,0,0,2,0,0
鹿,36,0,13,0,0,0,0,43,6,0,0,0,0,0
麗,0,0,0,19,0,4,0,0,0,0,3,20,0,0
麻,16,0,3,320,0,8,0,19,0,0,0,197,131,0
黒,185,0,46,0,0,0,0,230,1,0,0,0,0,0
齊,64,0,1,1,0,0,0,65,0,0,0,0,1,0
齋,163,0,2,0,0,0,1,164,0,0,0,0,0,0
龍,7,0,0,98,0,19,3,4,0,0,14,83,20,0
﨑,4,0,229,0,0,0,0,229,4,0,0,0,0,0
葵,1,0,0,0,0,9,0,1,0,0,6,3,0,0
